{"stats":{"minecraft:killed_by":{"minecraft:skeleton":4},"minecraft:custom":{"minecraft:jump":135,"minecraft:time_since_rest":87,"minecraft:sprint_one_cm":98,"minecraft:walk_on_water_one_cm":6943,"minecraft:walk_one_cm":16093,"minecraft:leave_game":2,"minecraft:play_time":5127,"minecraft:damage_taken":980,"minecraft:time_since_death":61,"minecraft:deaths":4,"minecraft:total_world_time":5127,"minecraft:walk_under_water_one_cm":2683,"minecraft:fall_one_cm":418,"minecraft:fly_one_cm":10364}},"DataVersion":3120}