{"stats":{"minecraft:picked_up":{"twigs:roseate_seashell":1,"butchersdelight:deadpig":1,"minecraft:gunpowder":1,"minecraft:string":1,"butchersdelight:deadchiken":3,"twigs:opaline_seashell":3,"minecraft:bone":1,"butchersdelight:dead_cow":2,"minecraft:beef":2,"minecraft:cooked_chicken":1,"butchersdelight:hoglinskin":1,"butchersdelight:cow_hide":1,"minecraft:porkchop":3,"farmersdelight:ham":1,"minecraft:rotten_flesh":3,"mutantmonsters:mutant_skeleton_rib":1,"spelunkers_charm:rock":9,"mutantmonsters:mutant_skeleton_shoulder_pad":1,"twigs:tangerine_seashell":1,"minecraft:snowball":16,"minecraft:cobblestone":6},"minecraft:used":{"projectarsenal:famas":7,"projectarsenal:aa12":19,"k_turrets:cobble_turret_item":1,"twm:obsidian_edged_diamond_axe":3,"additionalguns:usas12":84,"additionalguns:pp_19":74,"moguns:mp5":21,"moguns:big_iron":6,"additionalguns:over_under":1,"deeperdarker:sculk_centipede_spawn_egg":1,"mutantmonsters:mutant_skeleton_spawn_egg":1,"twigs:roseate_seashell":1,"minecraft:cooked_chicken":1,"moguns:trashcan":2,"bakery:waffle":1,"k_turrets:bullet_drone_item":1,"projectarsenal:mossou":4,"moguns:glockest_glock":125,"moguns:double_barrel":2,"mutantmonsters:spider_pig_spawn_egg":1,"graveyard:corrupted_vindicator_spawn_egg":1,"mutantmonsters:creeper_minion_spawn_egg":1,"mutantmonsters:mutant_snow_golem_spawn_egg":1,"twigs:tangerine_seashell":1,"cgm:grenade_launcher":4,"minecraft:cobblestone":2,"spelunkers_charm:rock":6,"minecraft:porkchop":2,"twigs:opaline_seashell":3,"moguns:m2":472,"projectarsenal:ar15_classic":11,"projectarsenal:maxim9":6,"butchersdelight:rack":1,"cgm:heavy_rifle":5,"projectarsenal:shrike":7},"minecraft:mined":{"twigs:roseate_seashell":1,"spelunkers_charm:rock_pile_3":3,"twigs:tangerine_seashell":2,"minecraft:grass":1,"twigs:opaline_seashell":3},"minecraft:dropped":{"moguns:mp5":1,"moguns:ppsh_41":2,"minecraft:cooked_chicken":1,"moguns:baker_rifle":1,"moguns:micro_uzi":3,"moguns:glockest_glock":1,"mutantmonsters:mutant_skeleton_shoulder_pad":1,"moguns:m1911":1,"moguns:walther_ppk":1,"moguns:double_barrel":2,"moguns:butterfly_gun":1,"moguns:wrapped_rifle":1,"projectarsenal:aa12":1},"minecraft:killed_by":{"minecraft:skeleton":2,"minecraft:horse":1,"minecraft:zombie":2},"minecraft:custom":{"minecraft:mob_kills":17,"minecraft:damage_dealt_resisted":14,"minecraft:leave_game":1,"minecraft:time_since_death":5916,"minecraft:time_since_rest":5984,"minecraft:sprint_one_cm":28462,"minecraft:damage_taken":1225,"minecraft:walk_one_cm":50089,"minecraft:drop":17,"minecraft:damage_dealt":483,"minecraft:swim_one_cm":3607,"minecraft:fly_one_cm":82941,"minecraft:player_kills":1,"minecraft:crouch_one_cm":133,"minecraft:play_time":35067,"minecraft:deaths":5,"minecraft:sneak_time":159,"minecraft:walk_under_water_one_cm":5490,"minecraft:jump":479,"minecraft:walk_on_water_one_cm":3012,"minecraft:total_world_time":35067,"minecraft:fall_one_cm":8471},"minecraft:killed":{"deeperdarker:sculk_centipede":1,"mutantmonsters:mutant_skeleton":1,"minecraft:creeper":1,"minecraft:skeleton":2,"mutantmonsters:creeper_minion":1,"minecraft:zombie":4,"minecraft:chicken":1,"mutantmonsters:mutant_snow_golem":1,"mutantmonsters:spider_pig":1}},"DataVersion":3120}