{"stats":{"minecraft:picked_up":{"butchersdelight:hoglinskin":1,"butchersdelight:cow_hide":1,"minecraft:porkchop":3,"butchersdelight:deadpig":1,"minecraft:gunpowder":1,"farmersdelight:ham":1,"minecraft:string":1,"butchersdelight:deadchiken":1,"butchersdelight:dead_cow":2,"minecraft:beef":2,"minecraft:cooked_chicken":1,"mutantmonsters:mutant_skeleton_rib":1,"mutantmonsters:mutant_skeleton_shoulder_pad":1,"spelunkers_charm:rock":9,"minecraft:snowball":16,"minecraft:cobblestone":4},"minecraft:used":{"projectarsenal:famas":7,"mutantmonsters:spider_pig_spawn_egg":1,"twm:obsidian_edged_diamond_axe":3,"k_turrets:cobble_turret_item":1,"projectarsenal:aa12":19,"additionalguns:usas12":84,"additionalguns:pp_19":74,"graveyard:corrupted_vindicator_spawn_egg":1,"moguns:mp5":21,"mutantmonsters:creeper_minion_spawn_egg":1,"moguns:big_iron":6,"additionalguns:over_under":1,"mutantmonsters:mutant_skeleton_spawn_egg":1,"deeperdarker:sculk_centipede_spawn_egg":1,"mutantmonsters:mutant_snow_golem_spawn_egg":1,"minecraft:cooked_chicken":1,"cgm:grenade_launcher":4,"moguns:trashcan":2,"bakery:waffle":1,"spelunkers_charm:rock":6,"minecraft:porkchop":2,"moguns:m2":472,"k_turrets:bullet_drone_item":1,"projectarsenal:maxim9":6,"projectarsenal:mossou":4,"moguns:glockest_glock":125,"butchersdelight:rack":1,"cgm:heavy_rifle":5},"minecraft:dropped":{"minecraft:cooked_chicken":1,"mutantmonsters:mutant_skeleton_shoulder_pad":1},"minecraft:mined":{"spelunkers_charm:rock_pile_3":3,"twigs:tangerine_seashell":1},"minecraft:killed_by":{"minecraft:skeleton":1,"minecraft:zombie":1},"minecraft:custom":{"minecraft:time_since_rest":350,"minecraft:walk_one_cm":23442,"minecraft:sprint_one_cm":9945,"minecraft:damage_taken":520,"minecraft:mob_kills":15,"minecraft:drop":2,"minecraft:damage_dealt":315,"minecraft:swim_one_cm":2759,"minecraft:player_kills":1,"minecraft:fly_one_cm":52840,"minecraft:crouch_one_cm":133,"minecraft:play_time":23067,"minecraft:deaths":2,"minecraft:sneak_time":113,"minecraft:walk_under_water_one_cm":5003,"minecraft:damage_dealt_resisted":14,"minecraft:jump":121,"minecraft:leave_game":1,"minecraft:walk_on_water_one_cm":2948,"minecraft:time_since_death":293,"minecraft:total_world_time":23067,"minecraft:fall_one_cm":478},"minecraft:killed":{"minecraft:skeleton":2,"deeperdarker:sculk_centipede":1,"mutantmonsters:creeper_minion":1,"minecraft:zombie":2,"minecraft:chicken":1,"mutantmonsters:mutant_snow_golem":1,"mutantmonsters:spider_pig":1,"mutantmonsters:mutant_skeleton":1,"minecraft:creeper":1}},"DataVersion":3120}