{"stats":{"minecraft:crafted":{"minecraft:wooden_sword":2,"minecraft:oak_planks":32,"minecraft:crafting_table":3,"minecraft:stick":8},"minecraft:used":{"minecraft:apple":2,"minecraft:spruce_trapdoor":1,"minecraft:spruce_sign":1,"minecraft:wooden_sword":63,"minecraft:crafting_table":2,"minecraft:spruce_stairs":1},"minecraft:picked_up":{"minecraft:birch_log":1,"minecraft:dandelion":1,"minecraft:spruce_stairs":1,"minecraft:oak_log":8,"minecraft:string":1,"butchersdelight:deadsheep":1,"minecraft:rotten_flesh":2,"minecraft:wheat_seeds":2,"minecraft:spruce_sign":1,"minecraft:spruce_slab":1,"minecraft:spruce_trapdoor":1},"minecraft:mined":{"minecraft:grass":14,"minecraft:oak_log":8,"minecraft:cobweb":1,"minecraft:tall_grass":1,"minecraft:oak_leaves":4},"minecraft:dropped":{"minecraft:wheat_seeds":2},"minecraft:killed_by":{"minecraft:player":1,"minecraft:skeleton":2,"minecraft:creeper":2,"minecraft:spider":1,"minecraft:zombie":1},"minecraft:custom":{"minecraft:time_since_rest":792,"minecraft:sprint_one_cm":66979,"minecraft:damage_taken":2227,"minecraft:walk_one_cm":38195,"minecraft:mob_kills":27,"minecraft:drop":2,"minecraft:damage_dealt":3643,"minecraft:interact_with_crafting_table":2,"minecraft:fly_one_cm":59509,"minecraft:player_kills":3,"minecraft:open_barrel":7,"minecraft:open_chest":8,"minecraft:crouch_one_cm":795,"minecraft:play_time":15812,"minecraft:deaths":8,"minecraft:sneak_time":2206,"minecraft:walk_under_water_one_cm":560,"minecraft:jump":251,"minecraft:time_since_death":739,"minecraft:walk_on_water_one_cm":237,"minecraft:total_world_time":15812,"minecraft:fall_one_cm":11030},"minecraft:killed":{"hordes:zombie_player":26,"minecraft:zombie_horse":1}},"DataVersion":3120}