{"stats":{"minecraft:crafted":{"minecraft:wooden_sword":6,"minecraft:oak_planks":32,"minecraft:crafting_table":3,"minecraft:stick":12},"minecraft:used":{"minecraft:oak_planks":2,"minecraft:spruce_sign":1,"minecraft:oak_door":1,"minecraft:dirt":7,"minecraft:crafting_table":3,"minecraft:spruce_stairs":1,"minecraft:apple":2,"minecraft:bread":4,"minecraft:iron_pickaxe":1,"minecraft:spruce_trapdoor":1,"minecraft:wooden_sword":139},"minecraft:picked_up":{"minecraft:birch_log":1,"minecraft:wheat":1,"minecraft:flower_pot":1,"minecraft:potato":1,"spelunkers_charm:old_miners_bundle":2,"minecraft:oak_log":8,"minecraft:gunpowder":1,"minecraft:cobblestone_stairs":1,"minecraft:string":2,"minecraft:dirt":29,"minecraft:wooden_sword":2,"minecraft:wheat_seeds":5,"minecraft:candle":2,"minecraft:spruce_slab":1,"minecraft:poppy":1,"minecraft:iron_pickaxe":1,"minecraft:moss_block":2,"twigs:twig":1,"minecraft:oak_planks":1,"minecraft:spruce_trapdoor":1,"minecraft:stick":9,"minecraft:oak_door":1,"minecraft:torch":1,"minecraft:dandelion":2,"minecraft:spruce_stairs":1,"minecraft:redstone":1,"minecraft:rotten_flesh":5,"butchersdelight:deadsheep":1,"minecraft:hay_block":1,"minecraft:spruce_sign":2,"minecraft:bread":5,"minecraft:oak_sapling":1},"minecraft:mined":{"minecraft:tall_grass":3,"minecraft:moss_block":1,"minecraft:oak_planks":2,"minecraft:hay_block":1,"minecraft:grass":14,"minecraft:oak_log":8,"minecraft:dirt":3,"minecraft:cobweb":1,"minecraft:oak_leaves":8},"minecraft:dropped":{"minecraft:wheat_seeds":3,"minecraft:potato":1,"minecraft:wooden_sword":1},"minecraft:broken":{"minecraft:wooden_sword":1},"minecraft:killed_by":{"humancompanions:knight":1,"minecraft:player":1,"minecraft:skeleton":3,"minecraft:creeper":2,"minecraft:spider":1,"minecraft:zombie":2,"hordes:zombie_player":1},"minecraft:custom":{"minecraft:mob_kills":80,"minecraft:interact_with_crafting_table":3,"minecraft:open_barrel":7,"minecraft:damage_dealt_resisted":132,"minecraft:leave_game":1,"minecraft:time_since_death":361,"minecraft:sleep_in_bed":2,"minecraft:climb_one_cm":364,"minecraft:time_since_rest":387,"minecraft:sprint_one_cm":97150,"minecraft:walk_one_cm":88203,"minecraft:damage_taken":3219,"minecraft:drop":5,"minecraft:damage_dealt":6135,"minecraft:damage_dealt_absorbed":40,"minecraft:fly_one_cm":104064,"minecraft:player_kills":3,"minecraft:open_chest":10,"minecraft:crouch_one_cm":932,"minecraft:play_time":26798,"minecraft:deaths":12,"minecraft:sneak_time":2262,"minecraft:walk_under_water_one_cm":560,"minecraft:jump":455,"minecraft:walk_on_water_one_cm":350,"minecraft:total_world_time":26798,"minecraft:fall_one_cm":16007},"minecraft:killed":{"minecraft:witch":1,"hordes:zombie_player":71,"minecraft:zombie_horse":1,"minecraft:zombie":1}},"DataVersion":3120}