{"stats":{"minecraft:used":{"minecraft:spruce_stairs":1},"minecraft:picked_up":{"butchersdelight:deadsheep":1,"minecraft:rotten_flesh":2,"minecraft:spruce_stairs":1,"minecraft:spruce_slab":1},"minecraft:mined":{"minecraft:oak_leaves":2},"minecraft:killed_by":{"minecraft:creeper":1},"minecraft:custom":{"minecraft:time_since_rest":531,"minecraft:open_chest":1,"minecraft:crouch_one_cm":425,"minecraft:play_time":3812,"minecraft:sprint_one_cm":6814,"minecraft:walk_one_cm":5797,"minecraft:damage_taken":495,"minecraft:deaths":1,"minecraft:sneak_time":2129,"minecraft:mob_kills":7,"minecraft:jump":16,"minecraft:damage_dealt":1001,"minecraft:time_since_death":505,"minecraft:total_world_time":3812,"minecraft:fall_one_cm":751,"minecraft:fly_one_cm":5508},"minecraft:killed":{"hordes:zombie_player":6,"minecraft:zombie_horse":1}},"DataVersion":3120}