{"stats":{"minecraft:dropped":{"mutantmonsters:mutant_skeleton_shoulder_pad":1},"minecraft:killed":{"deeperdarker:sculk_centipede":1,"mutantmonsters:creeper_minion":1,"minecraft:zombie":1,"minecraft:chicken":1,"mutantmonsters:mutant_snow_golem":1,"mutantmonsters:spider_pig":1,"mutantmonsters:mutant_skeleton":1,"minecraft:creeper":1},"minecraft:picked_up":{"butchersdelight:hoglinskin":1,"butchersdelight:cow_hide":1,"minecraft:porkchop":3,"butchersdelight:deadpig":1,"minecraft:gunpowder":1,"farmersdelight:ham":1,"minecraft:string":1,"butchersdelight:deadchiken":1,"butchersdelight:dead_cow":2,"minecraft:beef":2,"mutantmonsters:mutant_skeleton_rib":1,"mutantmonsters:mutant_skeleton_shoulder_pad":1,"spelunkers_charm:rock":9,"minecraft:snowball":16},"minecraft:custom":{"minecraft:time_since_rest":17684,"minecraft:sprint_one_cm":7105,"minecraft:damage_taken":85,"minecraft:walk_one_cm":11187,"minecraft:mob_kills":12,"minecraft:drop":1,"minecraft:damage_dealt":241,"minecraft:swim_one_cm":556,"minecraft:fly_one_cm":48382,"minecraft:crouch_one_cm":133,"minecraft:play_time":17684,"minecraft:sneak_time":89,"minecraft:walk_under_water_one_cm":2663,"minecraft:jump":64,"minecraft:leave_game":1,"minecraft:walk_on_water_one_cm":1105,"minecraft:time_since_death":17684,"minecraft:total_world_time":17684,"minecraft:fall_one_cm":209},"minecraft:mined":{"spelunkers_charm:rock_pile_3":3},"minecraft:used":{"projectarsenal:famas":7,"additionalguns:usas12":13,"k_turrets:cobble_turret_item":1,"mutantmonsters:spider_pig_spawn_egg":1,"projectarsenal:aa12":19,"twm:obsidian_edged_diamond_axe":3,"additionalguns:pp_19":74,"graveyard:corrupted_vindicator_spawn_egg":1,"moguns:mp5":21,"mutantmonsters:creeper_minion_spawn_egg":1,"moguns:big_iron":6,"additionalguns:over_under":1,"mutantmonsters:mutant_skeleton_spawn_egg":1,"deeperdarker:sculk_centipede_spawn_egg":1,"mutantmonsters:mutant_snow_golem_spawn_egg":1,"cgm:grenade_launcher":4,"moguns:trashcan":2,"bakery:waffle":1,"spelunkers_charm:rock":6,"minecraft:porkchop":2,"moguns:m2":472,"k_turrets:bullet_drone_item":1,"projectarsenal:maxim9":6,"projectarsenal:mossou":4,"moguns:glockest_glock":125,"butchersdelight:rack":1,"cgm:heavy_rifle":5}},"DataVersion":3120}