{"stats":{"minecraft:crafted":{"minecraft:oak_planks":24,"minecraft:crafting_table":1,"minecraft:iron_helmet":1,"minecraft:iron_sword":1,"minecraft:stick":4},"minecraft:picked_up":{"minecraft:charcoal":2,"minecraft:crafting_table":2,"minecraft:wheat":3,"minecraft:leather_chestplate":1,"minecraft:oak_log":6,"minecraft:gunpowder":7,"minecraft:oak_trapdoor":1,"minecraft:lapis_lazuli":1,"minecraft:string":1,"minecraft:dirt":13,"minecraft:red_bed":1,"minecraft:bone":10,"butchersdelight:dead_cow":8,"minecraft:apple":1,"minecraft:wheat_seeds":12,"minecraft:spruce_planks":5,"minecraft:oak_planks":25,"minecraft:iron_sword":1,"minecraft:oak_slab":2,"minecraft:torch":5,"minecraft:dandelion":2,"minecraft:white_bed":2,"minecraft:arrow":8,"minecraft:rotten_flesh":7,"minecraft:hay_block":54,"minecraft:saddle":1,"minecraft:polished_blackstone_brick_wall":2,"minecraft:bread":8,"minecraft:oak_sapling":1},"minecraft:used":{"minecraft:oak_trapdoor":1,"minecraft:baked_potato":1,"minecraft:oak_planks":7,"minecraft:leather_chestplate":2,"minecraft:iron_sword":52,"minecraft:rotten_flesh":2,"minecraft:torch":1,"minecraft:dirt":7,"minecraft:oak_slab":2,"minecraft:crafting_table":1,"minecraft:red_bed":1,"minecraft:white_bed":2,"minecraft:apple":4,"minecraft:bread":4,"minecraft:iron_helmet":1,"minecraft:golden_helmet":1,"minecraft:hay_block":5},"minecraft:dropped":{"minecraft:wheat_seeds":12,"minecraft:wheat":3,"minecraft:rotten_flesh":1,"minecraft:oak_planks":1,"minecraft:dirt":4,"minecraft:gunpowder":4,"minecraft:spruce_planks":5,"minecraft:oak_sapling":1,"minecraft:dandelion":2,"minecraft:bone":2},"minecraft:mined":{"minecraft:white_bed":1,"minecraft:dandelion":1,"minecraft:crafting_table":1,"minecraft:tall_grass":1,"minecraft:wall_torch":1,"minecraft:hay_block":54,"minecraft:grass":7,"minecraft:oak_log":6,"minecraft:oak_leaves":5},"minecraft:killed_by":{"minecraft:player":3,"minecraft:skeleton":4,"minecraft:spider":1},"minecraft:custom":{"minecraft:interact_with_furnace":1,"minecraft:mob_kills":6,"minecraft:interact_with_crafting_table":4,"minecraft:open_barrel":19,"minecraft:leave_game":1,"minecraft:time_since_death":1614,"minecraft:sleep_in_bed":3,"minecraft:climb_one_cm":1336,"minecraft:time_since_rest":1649,"minecraft:sprint_one_cm":131115,"minecraft:damage_taken":2043,"minecraft:walk_one_cm":159293,"minecraft:drop":34,"minecraft:damage_dealt":4402,"minecraft:talked_to_villager":5,"minecraft:fly_one_cm":124101,"minecraft:player_kills":1,"minecraft:open_chest":29,"minecraft:crouch_one_cm":3282,"minecraft:play_time":43277,"minecraft:deaths":8,"minecraft:sneak_time":2351,"minecraft:jump":499,"minecraft:total_world_time":43277,"minecraft:fall_one_cm":17195},"minecraft:killed":{"hordes:zombie_player":1,"minecraft:spider":1,"minecraft:zombie_horse":1,"minecraft:creeper":2,"minecraft:skeleton":1,"minecraft:zombie":1}},"DataVersion":3120}