{"stats":{"minecraft:used":{"cgm:mini_gun":15},"minecraft:picked_up":{"minecraft:bone":1,"minecraft:arrow":2,"minecraft:rotten_flesh":1,"minecraft:slime_ball":1,"cgm:mini_gun":1},"minecraft:killed_by":{"minecraft:skeleton":1,"minecraft:zombie":1,"minecraft:player":7},"minecraft:custom":{"minecraft:jump":49,"minecraft:leave_game":1,"minecraft:time_since_rest":137,"minecraft:walk_on_water_one_cm":970,"minecraft:deaths":10,"minecraft:sprint_one_cm":4959,"minecraft:play_time":2871,"minecraft:damage_taken":2326,"minecraft:time_since_death":0,"minecraft:walk_one_cm":4991,"minecraft:total_world_time":2871,"minecraft:walk_under_water_one_cm":557,"minecraft:fall_one_cm":381,"minecraft:fly_one_cm":3405}},"DataVersion":3120}