{"stats":{"minecraft:crafted":{"minecraft:oak_planks":20},"minecraft:used":{"minecraft:oak_trapdoor":1,"minecraft:apple":4,"minecraft:bread":3,"minecraft:oak_planks":7,"minecraft:leather_chestplate":2,"minecraft:iron_sword":48,"minecraft:rotten_flesh":2,"minecraft:golden_helmet":1,"minecraft:torch":1,"minecraft:dirt":7,"minecraft:hay_block":5,"minecraft:oak_slab":2,"minecraft:red_bed":1,"minecraft:white_bed":2},"minecraft:picked_up":{"minecraft:charcoal":2,"minecraft:oak_slab":2,"minecraft:leather_chestplate":1,"minecraft:wheat":3,"minecraft:torch":5,"minecraft:dandelion":2,"minecraft:oak_log":5,"minecraft:white_bed":2,"minecraft:gunpowder":7,"minecraft:lapis_lazuli":1,"minecraft:dirt":13,"minecraft:string":1,"minecraft:oak_trapdoor":1,"minecraft:red_bed":1,"minecraft:arrow":8,"minecraft:bone":10,"minecraft:rotten_flesh":7,"butchersdelight:dead_cow":8,"minecraft:apple":1,"minecraft:wheat_seeds":12,"minecraft:spruce_planks":5,"minecraft:hay_block":54,"minecraft:polished_blackstone_brick_wall":2,"minecraft:saddle":1,"minecraft:bread":8,"minecraft:oak_sapling":1,"minecraft:iron_sword":1,"minecraft:oak_planks":25,"minecraft:crafting_table":1},"minecraft:dropped":{"minecraft:dirt":4,"minecraft:wheat_seeds":12,"minecraft:gunpowder":4,"minecraft:spruce_planks":5,"minecraft:oak_sapling":1,"minecraft:wheat":3,"minecraft:rotten_flesh":1,"minecraft:oak_planks":1,"minecraft:dandelion":2,"minecraft:bone":2},"minecraft:mined":{"minecraft:hay_block":54,"minecraft:white_bed":1,"minecraft:dandelion":1,"minecraft:grass":5,"minecraft:oak_log":5,"minecraft:oak_leaves":2,"minecraft:wall_torch":1},"minecraft:killed_by":{"minecraft:player":3,"minecraft:skeleton":4},"minecraft:custom":{"minecraft:time_since_rest":1131,"minecraft:interact_with_furnace":1,"minecraft:sprint_one_cm":120735,"minecraft:damage_taken":1788,"minecraft:walk_one_cm":138215,"minecraft:mob_kills":5,"minecraft:drop":34,"minecraft:damage_dealt":4192,"minecraft:player_kills":1,"minecraft:talked_to_villager":5,"minecraft:interact_with_crafting_table":1,"minecraft:fly_one_cm":103595,"minecraft:open_barrel":12,"minecraft:open_chest":25,"minecraft:crouch_one_cm":3183,"minecraft:play_time":38352,"minecraft:deaths":7,"minecraft:sneak_time":2300,"minecraft:jump":419,"minecraft:time_since_death":1106,"minecraft:sleep_in_bed":3,"minecraft:total_world_time":38352,"minecraft:climb_one_cm":896,"minecraft:fall_one_cm":14662},"minecraft:killed":{"minecraft:skeleton":1,"minecraft:zombie":1,"minecraft:spider":1,"minecraft:zombie_horse":1,"minecraft:creeper":2}},"DataVersion":3120}