{"stats":{"minecraft:crafted":{"minecraft:oak_planks":20},"minecraft:picked_up":{"minecraft:oak_slab":2,"minecraft:wheat":3,"minecraft:torch":2,"minecraft:dandelion":2,"minecraft:oak_log":5,"minecraft:white_bed":1,"minecraft:gunpowder":6,"minecraft:dirt":13,"minecraft:string":1,"minecraft:oak_trapdoor":1,"minecraft:red_bed":1,"minecraft:arrow":4,"minecraft:bone":5,"minecraft:rotten_flesh":5,"butchersdelight:dead_cow":8,"minecraft:wheat_seeds":12,"minecraft:spruce_planks":5,"minecraft:hay_block":54,"minecraft:iron_sword":1,"minecraft:oak_planks":1},"minecraft:used":{"minecraft:oak_trapdoor":1,"minecraft:apple":3,"minecraft:bread":1,"minecraft:leather_chestplate":1,"minecraft:iron_sword":33,"minecraft:rotten_flesh":2,"minecraft:golden_helmet":1,"minecraft:torch":1,"minecraft:dirt":7,"minecraft:hay_block":5,"minecraft:oak_slab":2,"minecraft:red_bed":1,"minecraft:white_bed":1},"minecraft:dropped":{"minecraft:dirt":4,"minecraft:wheat_seeds":12,"minecraft:gunpowder":4,"minecraft:spruce_planks":5,"minecraft:wheat":3,"minecraft:rotten_flesh":1,"minecraft:oak_planks":1,"minecraft:dandelion":2,"minecraft:bone":2},"minecraft:mined":{"minecraft:hay_block":54,"minecraft:white_bed":1,"minecraft:dandelion":1,"minecraft:grass":5,"minecraft:oak_log":5,"minecraft:wall_torch":1},"minecraft:killed_by":{"minecraft:skeleton":3},"minecraft:custom":{"minecraft:time_since_rest":0,"minecraft:interact_with_furnace":1,"minecraft:sprint_one_cm":52438,"minecraft:damage_taken":760,"minecraft:walk_one_cm":86036,"minecraft:mob_kills":1,"minecraft:drop":33,"minecraft:damage_dealt":3023,"minecraft:talked_to_villager":4,"minecraft:interact_with_crafting_table":1,"minecraft:fly_one_cm":68059,"minecraft:open_barrel":4,"minecraft:open_chest":19,"minecraft:crouch_one_cm":1785,"minecraft:play_time":26352,"minecraft:deaths":3,"minecraft:sneak_time":1900,"minecraft:jump":243,"minecraft:time_since_death":414,"minecraft:sleep_in_bed":3,"minecraft:total_world_time":26352,"minecraft:climb_one_cm":896,"minecraft:fall_one_cm":8156},"minecraft:killed":{"minecraft:zombie":1,"minecraft:spider":1}},"DataVersion":3120}