{"stats":{"minecraft:picked_up":{"minecraft:oak_slab":2,"minecraft:wheat":3,"minecraft:torch":1,"minecraft:dandelion":2,"minecraft:gunpowder":4,"minecraft:dirt":13,"minecraft:string":1,"minecraft:oak_trapdoor":1,"minecraft:red_bed":1,"minecraft:arrow":2,"minecraft:bone":4,"minecraft:rotten_flesh":2,"butchersdelight:dead_cow":8,"minecraft:wheat_seeds":12,"minecraft:spruce_planks":5,"minecraft:hay_block":54,"minecraft:iron_sword":1,"minecraft:oak_planks":1},"minecraft:used":{"minecraft:oak_trapdoor":1,"minecraft:apple":3,"minecraft:golden_helmet":1,"minecraft:dirt":7,"minecraft:hay_block":5,"minecraft:oak_slab":2,"minecraft:red_bed":1},"minecraft:dropped":{"minecraft:dirt":4,"minecraft:wheat_seeds":12,"minecraft:gunpowder":2,"minecraft:spruce_planks":5,"minecraft:wheat":3,"minecraft:oak_planks":1,"minecraft:dandelion":2,"minecraft:bone":2},"minecraft:mined":{"minecraft:hay_block":54,"minecraft:dandelion":1,"minecraft:grass":5},"minecraft:killed_by":{"minecraft:skeleton":2},"minecraft:custom":{"minecraft:time_since_rest":1608,"minecraft:interact_with_furnace":1,"minecraft:sprint_one_cm":40134,"minecraft:damage_taken":670,"minecraft:walk_one_cm":35773,"minecraft:mob_kills":1,"minecraft:drop":31,"minecraft:damage_dealt":1082,"minecraft:talked_to_villager":1,"minecraft:interact_with_crafting_table":1,"minecraft:fly_one_cm":55536,"minecraft:open_barrel":4,"minecraft:open_chest":10,"minecraft:crouch_one_cm":538,"minecraft:play_time":14352,"minecraft:deaths":2,"minecraft:sneak_time":1633,"minecraft:jump":182,"minecraft:time_since_death":1581,"minecraft:sleep_in_bed":1,"minecraft:total_world_time":14352,"minecraft:climb_one_cm":896,"minecraft:fall_one_cm":7260},"minecraft:killed":{"minecraft:zombie":1,"minecraft:spider":1}},"DataVersion":3120}