{"stats":{"minecraft:used":{"projectarsenal:aa12":20,"moguns:baker_rifle":1,"twigs:opaline_seashell":1},"minecraft:picked_up":{"moguns:baker_rifle":3,"moguns:double_barrel":4,"projectarsenal:aa12":5,"moguns:ppsh_41":4,"butchersdelight:deadpig":2,"moguns:butterfly_gun":2,"minecraft:gunpowder":2,"moguns:m1911":2,"moguns:mp5":1,"moguns:glockest_glock":2,"twigs:opaline_seashell":2,"moguns:wrapped_rifle":2,"moguns:micro_uzi":5,"minecraft:cooked_chicken":1,"moguns:walther_ppk":2,"twigs:tangerine_seashell":2,"minecraft:cobblestone":3,"minecraft:egg":3},"minecraft:dropped":{"moguns:baker_rifle":1,"projectarsenal:aa12":3},"minecraft:mined":{"twigs:tangerine_seashell":2,"minecraft:grass":4,"butchersdelight:deadpigblock":1,"twigs:opaline_seashell":2},"minecraft:killed_by":{"minecraft:player":1,"minecraft:skeleton":1,"minecraft:creeper":5,"minecraft:chicken":1,"minecraft:spider":3,"minecraft:zombie":1},"minecraft:custom":{"minecraft:time_since_rest":11216,"minecraft:sprint_one_cm":74375,"minecraft:damage_taken":4490,"minecraft:walk_one_cm":55489,"minecraft:mob_kills":6,"minecraft:drop":4,"minecraft:damage_dealt":713,"minecraft:damage_dealt_absorbed":40,"minecraft:fly_one_cm":143152,"minecraft:open_chest":1,"minecraft:crouch_one_cm":1782,"minecraft:play_time":35290,"minecraft:deaths":15,"minecraft:sneak_time":569,"minecraft:jump":898,"minecraft:damage_dealt_resisted":67,"minecraft:leave_game":1,"minecraft:time_since_death":11140,"minecraft:walk_on_water_one_cm":924,"minecraft:total_world_time":35290,"minecraft:fall_one_cm":21437},"minecraft:killed":{"minecraft:skeleton":1,"minecraft:zombie":3,"hordes:zombie_player":1,"minecraft:creeper":1}},"DataVersion":3120}