{"stats":{"minecraft:crafted":{"minecraft:oak_planks":4,"minecraft:crafting_table":1},"minecraft:used":{"minecraft:moss_block":1,"minecraft:cornflower":1,"minecraft:apple":1,"minecraft:bread":2,"minecraft:iron_pickaxe":3,"minecraft:wooden_sword":8,"minecraft:dirt":3,"minecraft:hay_block":1,"minecraft:oak_sapling":1,"minecraft:skeleton_skull":1,"minecraft:egg":1,"minecraft:dandelion":1},"minecraft:picked_up":{"minecraft:book":2,"minecraft:stick":2,"minecraft:coarse_dirt":1,"minecraft:dandelion":3,"minecraft:potato":23,"spelunkers_charm:old_miners_bundle":3,"minecraft:enchanted_book":1,"minecraft:oak_log":2,"minecraft:gunpowder":3,"minecraft:cornflower":1,"minecraft:lapis_lazuli":1,"minecraft:dirt":47,"minecraft:wooden_sword":1,"minecraft:arrow":1,"butchersdelight:deadsheep":2,"minecraft:rotten_flesh":2,"minecraft:apple":4,"minecraft:bow":1,"minecraft:wheat_seeds":8,"minecraft:candle":6,"minecraft:gold_nugget":18,"minecraft:spruce_planks":5,"minecraft:hay_block":1,"minecraft:iron_ingot":8,"minecraft:spruce_sign":1,"minecraft:iron_nugget":15,"minecraft:emerald":7,"minecraft:bread":10,"minecraft:poppy":3,"minecraft:iron_pickaxe":2,"minecraft:oak_sapling":2,"minecraft:moss_block":4,"minecraft:oak_planks":1,"minecraft:iron_bars":1,"minecraft:coal":2,"minecraft:skeleton_skull":2,"minecraft:egg":1},"minecraft:mined":{"minecraft:hay_block":1,"minecraft:coarse_dirt":1,"butchersdelight:deadsheepblock":1,"minecraft:grass":5,"minecraft:skeleton_wall_skull":1,"minecraft:grass_block":1,"minecraft:oak_log":1,"minecraft:dirt":3,"minecraft:tall_grass":4,"minecraft:moss_block":4,"minecraft:oak_leaves":2},"minecraft:killed_by":{"hordes:zombie_player":81,"minecraft:skeleton":3,"minecraft:creeper":2,"minecraft:chicken":1},"minecraft:custom":{"minecraft:time_since_rest":3694,"minecraft:sprint_one_cm":85630,"minecraft:damage_taken":21383,"minecraft:walk_one_cm":147646,"minecraft:mob_kills":7,"minecraft:damage_dealt":4248,"minecraft:fly_one_cm":112973,"minecraft:open_barrel":12,"minecraft:open_chest":16,"minecraft:interact_with_campfire":1,"minecraft:crouch_one_cm":1684,"minecraft:play_time":33764,"minecraft:deaths":87,"minecraft:sneak_time":349,"minecraft:jump":608,"minecraft:leave_game":6,"minecraft:time_since_death":3657,"minecraft:walk_on_water_one_cm":159,"minecraft:total_world_time":33764,"minecraft:fall_one_cm":12193},"minecraft:killed":{"minecraft:skeleton":1,"hordes:zombie_player":6}},"DataVersion":3120}