{"stats":{"minecraft:used":{"projectarsenal:aa12":20,"twigs:opaline_seashell":1},"minecraft:picked_up":{"moguns:baker_rifle":1,"moguns:double_barrel":2,"projectarsenal:aa12":4,"moguns:ppsh_41":2,"moguns:butterfly_gun":1,"minecraft:gunpowder":1,"moguns:m1911":1,"moguns:mp5":1,"moguns:glockest_glock":1,"twigs:opaline_seashell":2,"moguns:wrapped_rifle":1,"moguns:micro_uzi":3,"minecraft:cooked_chicken":1,"moguns:walther_ppk":1,"twigs:tangerine_seashell":2,"minecraft:cobblestone":3,"minecraft:egg":3},"minecraft:dropped":{"moguns:baker_rifle":1,"projectarsenal:aa12":3},"minecraft:mined":{"twigs:tangerine_seashell":2,"minecraft:grass":4,"twigs:opaline_seashell":2},"minecraft:killed_by":{"minecraft:player":1,"minecraft:chicken":1,"minecraft:creeper":3,"minecraft:zombie":1},"minecraft:custom":{"minecraft:time_since_rest":6257,"minecraft:sprint_one_cm":41021,"minecraft:damage_taken":2315,"minecraft:walk_one_cm":36945,"minecraft:mob_kills":6,"minecraft:drop":4,"minecraft:damage_dealt":596,"minecraft:damage_dealt_absorbed":40,"minecraft:fly_one_cm":59981,"minecraft:open_chest":1,"minecraft:play_time":17024,"minecraft:deaths":8,"minecraft:sneak_time":6,"minecraft:jump":605,"minecraft:damage_dealt_resisted":67,"minecraft:time_since_death":6233,"minecraft:walk_on_water_one_cm":286,"minecraft:total_world_time":17024,"minecraft:fall_one_cm":14872},"minecraft:killed":{"minecraft:skeleton":1,"minecraft:zombie":3,"hordes:zombie_player":1,"minecraft:creeper":1}},"DataVersion":3120}