{"stats":{"minecraft:crafted":{"minecraft:oak_planks":4,"minecraft:crafting_table":1},"minecraft:picked_up":{"minecraft:stick":2,"minecraft:coarse_dirt":1,"minecraft:dandelion":3,"minecraft:potato":22,"spelunkers_charm:old_miners_bundle":3,"minecraft:enchanted_book":1,"minecraft:oak_log":1,"minecraft:gunpowder":3,"minecraft:cornflower":1,"minecraft:lapis_lazuli":1,"minecraft:dirt":42,"butchersdelight:deadsheep":1,"minecraft:apple":4,"minecraft:wheat_seeds":6,"minecraft:gold_nugget":18,"minecraft:candle":6,"minecraft:iron_ingot":8,"minecraft:bread":10,"minecraft:emerald":7,"minecraft:iron_nugget":15,"minecraft:poppy":3,"minecraft:iron_pickaxe":2,"minecraft:moss_block":4,"minecraft:oak_sapling":2,"minecraft:coal":2,"minecraft:iron_bars":1,"minecraft:skeleton_skull":2,"minecraft:egg":1},"minecraft:used":{"minecraft:moss_block":1,"minecraft:cornflower":1,"minecraft:apple":1,"minecraft:bread":2,"minecraft:iron_pickaxe":3,"minecraft:oak_sapling":1,"minecraft:egg":1,"minecraft:skeleton_skull":1,"minecraft:dandelion":1},"minecraft:mined":{"minecraft:grass":3,"minecraft:skeleton_wall_skull":1,"minecraft:oak_log":1,"minecraft:tall_grass":2,"minecraft:moss_block":4,"minecraft:oak_leaves":2},"minecraft:killed_by":{"hordes:zombie_player":37,"minecraft:skeleton":2,"minecraft:creeper":1,"minecraft:chicken":1},"minecraft:custom":{"minecraft:time_since_rest":65,"minecraft:sprint_one_cm":72096,"minecraft:damage_taken":10155,"minecraft:walk_one_cm":63397,"minecraft:mob_kills":5,"minecraft:damage_dealt":2267,"minecraft:fly_one_cm":85972,"minecraft:open_barrel":12,"minecraft:open_chest":14,"minecraft:crouch_one_cm":925,"minecraft:play_time":17861,"minecraft:deaths":41,"minecraft:sneak_time":200,"minecraft:jump":413,"minecraft:walk_on_water_one_cm":150,"minecraft:time_since_death":35,"minecraft:total_world_time":17861,"minecraft:fall_one_cm":9991},"minecraft:killed":{"hordes:zombie_player":5}},"DataVersion":3120}