{"stats":{"minecraft:crafted":{"minecraft:oak_planks":4,"minecraft:crafting_table":1},"minecraft:picked_up":{"minecraft:stick":2,"minecraft:coarse_dirt":1,"minecraft:dandelion":3,"minecraft:potato":22,"spelunkers_charm:old_miners_bundle":3,"minecraft:enchanted_book":1,"minecraft:oak_log":1,"minecraft:gunpowder":3,"minecraft:cornflower":1,"minecraft:lapis_lazuli":1,"minecraft:dirt":43,"butchersdelight:deadsheep":2,"minecraft:rotten_flesh":2,"minecraft:apple":4,"minecraft:wheat_seeds":6,"minecraft:candle":6,"minecraft:gold_nugget":18,"minecraft:iron_ingot":8,"minecraft:iron_nugget":15,"minecraft:emerald":7,"minecraft:bread":10,"minecraft:poppy":3,"minecraft:iron_pickaxe":2,"minecraft:oak_sapling":2,"minecraft:moss_block":4,"minecraft:iron_bars":1,"minecraft:coal":2,"minecraft:skeleton_skull":2,"minecraft:egg":1},"minecraft:used":{"minecraft:moss_block":1,"minecraft:apple":1,"minecraft:cornflower":1,"minecraft:bread":2,"minecraft:iron_pickaxe":3,"minecraft:dirt":1,"minecraft:oak_sapling":1,"minecraft:skeleton_skull":1,"minecraft:egg":1,"minecraft:dandelion":1},"minecraft:mined":{"butchersdelight:deadsheepblock":1,"minecraft:grass":4,"minecraft:skeleton_wall_skull":1,"minecraft:grass_block":1,"minecraft:oak_log":1,"minecraft:tall_grass":3,"minecraft:moss_block":4,"minecraft:oak_leaves":2},"minecraft:killed_by":{"hordes:zombie_player":80,"minecraft:skeleton":2,"minecraft:creeper":1,"minecraft:chicken":1},"minecraft:custom":{"minecraft:time_since_rest":45,"minecraft:sprint_one_cm":76906,"minecraft:damage_taken":20575,"minecraft:walk_one_cm":135154,"minecraft:mob_kills":6,"minecraft:damage_dealt":3844,"minecraft:fly_one_cm":106134,"minecraft:open_barrel":12,"minecraft:open_chest":14,"minecraft:crouch_one_cm":1444,"minecraft:play_time":26798,"minecraft:deaths":84,"minecraft:sneak_time":319,"minecraft:jump":547,"minecraft:leave_game":6,"minecraft:time_since_death":14,"minecraft:walk_on_water_one_cm":150,"minecraft:total_world_time":26798,"minecraft:fall_one_cm":10889},"minecraft:killed":{"hordes:zombie_player":6}},"DataVersion":3120}