{"stats":{"minecraft:used":{"twigs:opaline_seashell":1},"minecraft:picked_up":{"twigs:opaline_seashell":2,"minecraft:cooked_chicken":1,"twigs:tangerine_seashell":2,"minecraft:cobblestone":3},"minecraft:mined":{"twigs:tangerine_seashell":2,"twigs:opaline_seashell":2},"minecraft:killed_by":{"minecraft:creeper":3,"minecraft:player":1},"minecraft:custom":{"minecraft:time_since_rest":297,"minecraft:play_time":5024,"minecraft:sprint_one_cm":14479,"minecraft:walk_one_cm":10600,"minecraft:damage_taken":1505,"minecraft:deaths":5,"minecraft:mob_kills":1,"minecraft:damage_dealt_resisted":67,"minecraft:jump":246,"minecraft:damage_dealt":481,"minecraft:walk_on_water_one_cm":286,"minecraft:time_since_death":255,"minecraft:total_world_time":5024,"minecraft:damage_dealt_absorbed":40,"minecraft:fall_one_cm":6649,"minecraft:fly_one_cm":27025},"minecraft:killed":{"minecraft:zombie":1}},"DataVersion":3120}